{"cameraMode":{"drawMode":0,"name":"Shaded","section":"Shading Mode"},"sceneLighting":true,"audioPlay":false,"sceneViewState":{"showFog":true,"showMaterialUpdate":false,"showSkybox":true,"showFlares":true,"showImageEffects":true,"showParticleSystems":true},"in2DMode":false,"pivot":{"x":-0.6539416313171387,"y":-0.0263059139251709,"z":-0.8738104104995728},"rotation":{"x":0.04488392919301987,"y":-0.9293747544288635,"z":0.12055835872888565,"w":0.34600257873535159},"size":1.648989200592041,"orthographic":false}